"date","Year","Week","Date.start","Date.stop","Invalid.results","Non-VOCs","501Y.V1","501Y.V2","501Y.V3","B.1.617.1","B.1.617.2","BA.1","BA.2","BA.3","BA.4","BA.5","Recombinants","Total.tests.performed","%.VOCs","Invalid.results.active","Non-VOCs.active","501Y.V1.active","501Y.V2.active","501Y.V3.active","B.1.617.1.active","B.1.617.2.active","BA.1.active","BA.2.active","BA.3.active","BA.4.active","BA.5.active","Recombinants.active","Total.tests.performed.active","date_start","date_stop","voc_alpha","voc_beta","voc_gamma","voc_delta","voc_omicron","voc_ba1","voc_ba2","voc_ba4_ba5","n_sequenced","voc_aggr","sftg_logistic_prob_omicron","sftg_total","sftg_omicron"
2021-01-07,2021,1,"44200","44206",0,90,3,0,0,0,0,0,0,0,0,0,0,93,0.032258064516129,3,58,34,4,0,0,0,0,0,0,0,0,0,96,2021-01-04,2021-01-10,3,0,0,0,0,0,0,0,93,3,NA,NA,NA
2021-01-14,2021,2,"44207","44213",0,91,8,1,0,0,0,0,0,0,0,0,0,100,0.09,11,177,90,7,0,0,0,0,0,0,0,0,0,274,2021-01-11,2021-01-17,8,1,0,0,0,0,0,0,100,9,NA,NA,NA
2021-01-21,2021,3,"44214","44220",17,352,58,10,0,0,0,0,0,0,0,0,0,420,0.161904761904762,33,115,362,15,0,0,0,0,0,0,0,0,0,492,2021-01-18,2021-01-24,58,10,0,0,0,0,0,0,420,68,NA,NA,NA
2021-01-28,2021,4,"44221","44227",36,364,152,19,2,0,0,0,0,0,0,0,0,537,0.322160148975791,75,68,208,7,0,0,0,0,0,0,0,0,0,283,2021-01-25,2021-01-31,152,19,2,0,0,0,0,0,537,173,NA,NA,NA
2021-02-04,2021,5,"44228","44234",51,417,351,35,5,0,0,0,0,0,0,0,0,808,0.483910891089109,2,19,28,10,0,0,0,0,0,0,0,0,0,57,2021-02-01,2021-02-07,351,35,5,0,0,0,0,0,808,391,NA,NA,NA
2021-02-11,2021,6,"44235","44241",20,295,309,49,12,0,0,0,0,0,0,0,0,665,0.556390977443609,17,44,44,26,7,0,0,0,0,0,0,0,0,121,2021-02-08,2021-02-14,309,49,12,0,0,0,0,0,665,370,NA,NA,NA
2021-02-18,2021,7,"44242","44248",27,286,432,49,17,0,0,0,0,0,0,0,0,784,0.635204081632653,15,138,65,36,15,0,0,0,0,0,0,0,0,254,2021-02-15,2021-02-21,432,49,17,0,0,0,0,0,784,498,NA,NA,NA
2021-02-25,2021,8,"44249","44255",44,315,580,61,26,0,0,0,0,0,0,0,0,982,0.679226069246436,4,20,69,30,11,0,0,0,0,0,0,0,0,130,2021-02-22,2021-02-28,580,61,26,0,0,0,0,0,982,667,NA,NA,NA
2021-03-04,2021,9,"44256","44262",45,187,482,62,20,0,0,0,0,0,0,0,0,751,0.750998668442077,13,16,97,49,7,0,0,0,0,0,0,0,0,169,2021-03-01,2021-03-07,482,62,20,0,0,0,0,0,751,564,NA,NA,NA
2021-03-11,2021,10,"44263","44269",22,183,883,54,28,0,0,0,0,0,0,0,0,1148,0.840592334494774,9,29,81,43,14,0,0,0,0,0,0,0,0,167,2021-03-08,2021-03-14,883,54,28,0,0,0,0,0,1148,965,NA,NA,NA
2021-03-18,2021,11,"44270","44276",13,123,936,38,61,0,0,0,0,0,0,0,0,1158,0.893782383419689,5,28,106,38,30,0,0,0,0,0,0,0,0,202,2021-03-15,2021-03-21,936,38,61,0,0,0,0,0,1158,1035,NA,NA,NA
2021-03-25,2021,12,"44277","44283",19,138,1303,58,69,0,0,0,0,0,0,0,0,1568,0.911989795918367,8,18,103,15,31,0,0,0,0,0,0,0,0,167,2021-03-22,2021-03-28,1303,58,69,0,0,0,0,0,1568,1430,NA,NA,NA
2021-04-01,2021,13,"44284","44290",29,108,1131,28,67,0,0,0,0,0,0,0,0,1334,0.91904047976012,6,26,75,7,31,4,0,0,0,0,0,0,0,143,2021-03-29,2021-04-04,1131,28,67,0,0,0,0,0,1334,1226,NA,NA,NA
2021-04-08,2021,14,"44291","44297",34,81,1117,14,126,1,3,0,0,0,0,0,0,1342,0.939642324888227,8,14,92,15,94,1,0,0,0,0,0,0,0,216,2021-04-05,2021-04-11,1117,14,126,3,0,0,0,0,1342,1257,NA,NA,NA
2021-04-15,2021,15,"44298","44304",34,111,1154,15,119,0,1,0,0,0,0,0,0,1400,0.920714285714286,4,15,68,6,31,0,4,0,0,0,0,0,0,124,2021-04-12,2021-04-18,1154,15,119,1,0,0,0,0,1400,1288,NA,NA,NA
2021-04-22,2021,16,"44305","44311",24,88,1094,28,95,0,5,0,0,0,0,0,0,1310,0.932824427480916,3,39,103,8,38,2,28,0,0,0,0,0,0,218,2021-04-19,2021-04-25,1094,28,95,5,0,0,0,0,1310,1217,NA,NA,NA
2021-04-29,2021,17,"44312","44318",33,81,1184,18,82,2,10,0,0,0,0,0,0,1377,0.941176470588235,12,19,85,5,26,9,36,0,0,0,0,0,0,180,2021-04-26,2021-05-02,1184,18,82,10,0,0,0,0,1377,1284,NA,NA,NA
2021-05-06,2021,18,"44319","44325",29,63,1148,17,105,1,6,0,0,0,0,0,0,1340,0.952985074626866,12,32,113,21,49,0,23,0,0,0,0,0,0,238,2021-05-03,2021-05-09,1148,17,105,6,0,0,0,0,1340,1270,NA,NA,NA
2021-05-13,2021,19,"44326","44332",20,44,942,13,95,0,12,0,0,0,0,0,0,1106,0.960216998191682,9,20,111,17,44,2,34,0,0,0,0,0,0,228,2021-05-10,2021-05-16,942,13,95,12,0,0,0,0,1106,1050,NA,NA,NA
2021-05-20,2021,20,"44333","44339",31,41,1082,7,139,0,20,0,0,0,0,0,0,1289,0.968192397207137,22,40,157,5,18,0,68,0,0,0,0,0,0,288,2021-05-17,2021-05-23,1082,7,139,20,0,0,0,0,1289,1228,NA,NA,NA
2021-05-27,2021,21,"44340","44346",35,38,727,10,99,0,43,0,0,0,0,0,0,917,0.95856052344602,13,11,125,2,16,0,36,0,0,0,0,0,0,190,2021-05-24,2021-05-30,727,10,99,43,0,0,0,0,917,836,NA,NA,NA
2021-06-03,2021,22,"44347","44353",22,15,712,12,83,0,71,0,0,0,0,0,0,893,0.983202687569989,15,8,100,1,34,0,36,0,0,0,0,0,0,179,2021-05-31,2021-06-06,712,12,83,71,0,0,0,0,893,807,NA,NA,NA
2021-06-10,2021,23,"44354","44360",21,19,522,8,62,0,112,0,0,0,0,0,0,723,0.97372060857538,10,7,56,1,4,0,25,0,0,0,0,0,0,93,2021-06-07,2021-06-13,522,8,62,112,0,0,0,0,723,592,NA,NA,NA
2021-06-17,2021,24,"44361","44367",13,13,301,4,44,0,141,0,0,0,0,0,0,503,0.974155069582505,12,2,35,1,5,0,38,0,0,0,0,0,0,81,2021-06-14,2021-06-20,301,4,44,141,0,0,0,0,503,349,NA,NA,NA
2021-06-24,2021,25,"44368","44374",18,12,239,6,29,0,237,0,0,0,0,0,0,523,0.977055449330784,6,0,20,0,0,0,74,0,0,0,0,0,0,94,2021-06-21,2021-06-27,239,6,29,237,0,0,0,0,523,274,NA,NA,NA
2021-07-01,2021,26,"44375","44381",40,27,203,6,21,0,518,0,0,0,0,0,0,775,0.965161290322581,7,3,20,0,1,0,109,0,0,0,0,0,0,133,2021-06-28,2021-07-04,203,6,21,518,0,0,0,0,775,230,NA,NA,NA
2021-07-08,2021,27,"44382","44388",43,21,220,3,56,0,1062,0,0,0,0,0,0,1362,0.984581497797357,19,1,27,0,11,0,270,0,0,0,0,0,0,309,2021-07-05,2021-07-11,220,3,56,1062,0,0,0,0,1362,279,NA,NA,NA
2021-07-15,2021,28,"44389","44395",37,7,80,2,40,0,1188,0,0,0,0,0,0,1317,0.994684889901291,10,8,22,1,7,0,486,0,0,0,0,0,0,524,2021-07-12,2021-07-18,80,2,40,1188,0,0,0,0,1317,122,NA,NA,NA
2021-07-22,2021,29,"44396","44402",29,21,42,5,4,2,1272,0,0,0,0,0,0,1346,0.984398216939079,15,24,14,0,1,0,524,0,0,0,0,0,0,563,2021-07-19,2021-07-25,42,5,4,1272,0,0,0,0,1346,51,NA,NA,NA
2021-07-29,2021,30,"44403","44409",51,0,31,2,12,0,1124,0,0,0,0,0,0,1169,1,35,6,8,0,0,0,591,0,0,0,0,0,0,605,2021-07-26,2021-08-01,31,2,12,1124,0,0,0,0,1169,45,NA,NA,NA
2021-08-05,2021,31,"44410","44416",30,7,6,0,2,0,1156,0,0,0,0,0,0,1171,0.99402220324509,25,2,8,0,0,0,882,0,0,0,0,0,0,892,2021-08-02,2021-08-08,6,0,2,1156,0,0,0,0,1171,8,NA,NA,NA
2021-08-12,2021,32,"44417","44423",19,2,2,0,1,0,1080,0,0,0,0,0,0,1085,0.99815668202765,23,1,1,0,2,0,576,0,0,0,0,0,0,580,2021-08-09,2021-08-15,2,0,1,1080,0,0,0,0,1085,3,NA,NA,NA
2021-08-19,2021,33,"44424","44430",48,1,5,0,0,0,1298,0,0,0,0,0,0,1304,0.999233128834356,23,0,1,0,0,0,699,0,0,0,0,0,0,700,2021-08-16,2021-08-22,5,0,0,1298,0,0,0,0,1304,5,NA,NA,NA
2021-08-26,2021,34,"44431","44437",27,7,1,0,0,0,1148,0,0,0,0,0,0,1156,0.993944636678201,28,1,5,0,0,0,587,0,0,0,0,0,0,593,2021-08-23,2021-08-29,1,0,0,1148,0,0,0,0,1156,1,NA,NA,NA
2021-09-02,2021,35,"44438","44444",31,1,0,0,0,0,1336,0,0,0,0,0,0,1337,0.99925205684368,11,1,0,0,0,0,591,0,0,0,0,0,0,592,2021-08-30,2021-09-05,0,0,0,1336,0,0,0,0,1337,0,NA,NA,NA
2021-09-09,2021,36,"44445","44451",29,0,0,0,0,0,1244,0,0,0,0,0,0,1244,1,12,0,0,0,0,0,388,0,0,0,0,0,0,388,2021-09-06,2021-09-12,0,0,0,1244,0,0,0,0,1244,0,NA,NA,NA
2021-09-16,2021,37,"44452","44458",30,0,0,0,0,0,985,0,0,0,0,0,0,985,1,24,0,1,0,0,0,219,0,0,0,0,0,0,220,2021-09-13,2021-09-19,0,0,0,985,0,0,0,0,985,0,NA,NA,NA
2021-09-23,2021,38,"44459","44465",53,1,0,0,0,0,1012,0,0,0,0,0,0,1013,0.999012833168806,13,0,0,0,0,0,173,0,0,0,0,0,0,173,2021-09-20,2021-09-26,0,0,0,1012,0,0,0,0,1013,0,NA,NA,NA
2021-09-30,2021,39,"44466","44472",54,0,2,0,0,0,1195,0,0,0,0,0,0,1197,1,7,0,0,0,0,0,147,0,0,0,0,0,0,147,2021-09-27,2021-10-03,2,0,0,1195,0,0,0,0,1197,2,NA,NA,NA
2021-10-07,2021,40,"44473","44479",33,3,0,0,0,0,1131,0,0,0,0,0,0,1134,0.997354497354497,9,0,0,0,0,0,167,0,0,0,0,0,0,167,2021-10-04,2021-10-10,0,0,0,1131,0,0,0,0,1134,0,NA,NA,NA
2021-10-14,2021,41,"44480","44486",14,0,0,0,0,0,1212,0,0,0,0,0,0,1212,1,2,0,0,0,0,0,203,0,0,0,0,0,0,203,2021-10-11,2021-10-17,0,0,0,1212,0,0,0,0,1212,0,NA,NA,NA
2021-10-21,2021,42,"44487","44493",21,1,0,0,1,0,1635,0,0,0,0,0,0,1637,0.999389126450825,39,0,0,0,0,0,360,0,0,0,0,0,0,360,2021-10-18,2021-10-24,0,0,1,1635,0,0,0,0,1637,1,NA,NA,NA
2021-10-28,2021,43,"44494","44500",33,0,0,0,0,0,1349,0,0,0,0,0,0,1349,1,22,0,0,0,0,0,246,0,0,0,0,0,0,246,2021-10-25,2021-10-31,0,0,0,1349,0,0,0,0,1349,0,NA,NA,NA
2021-11-04,2021,44,"44501","44507",24,0,1,0,0,0,1099,0,0,0,0,0,0,1100,1,11,0,0,0,0,0,298,0,0,0,0,0,0,298,2021-11-01,2021-11-07,1,0,0,1099,0,0,0,0,1100,1,NA,NA,NA
2021-11-11,2021,45,"44508","44514",28,0,0,0,0,0,1239,0,0,0,0,0,0,1239,1,13,0,0,0,0,0,184,0,0,0,0,0,0,184,2021-11-08,2021-11-14,0,0,0,1239,0,0,0,0,1239,0,NA,NA,NA
2021-11-18,2021,46,"44515","44521",48,0,1,0,0,0,1614,0,0,0,0,0,0,1615,1,9,2,0,0,0,0,213,0,0,0,0,0,0,215,2021-11-15,2021-11-21,1,0,0,1614,0,0,0,0,1615,1,NA,NA,NA
2021-11-25,2021,47,"44522","44528",28,0,1,0,0,0,1661,0,0,0,0,0,0,1662,1,14,0,0,0,0,0,308,3,0,0,0,0,0,311,2021-11-22,2021-11-28,1,0,0,1661,0,0,0,0,1662,1,NA,NA,NA
2021-12-01,NA,NA,NA,NA,NA,NA,NA,NA,NA,NA,NA,NA,NA,NA,NA,NA,NA,NA,NA,NA,NA,NA,NA,NA,NA,NA,NA,NA,NA,NA,NA,NA,NA,NA,NA,NA,NA,NA,NA,NA,NA,NA,NA,NA,NA,0.0014030388138292,4208,6
2021-12-02,2021,48,"44529","44535",42,0,0,0,0,0,1789,7,0,0,0,0,0,1796,1,13,0,0,0,0,0,267,36,0,0,0,0,0,303,2021-11-29,2021-12-05,0,0,0,1789,7,7,0,0,1796,0,0.0014296355261855,4236,6
2021-12-03,NA,NA,NA,NA,NA,NA,NA,NA,NA,NA,NA,NA,NA,NA,NA,NA,NA,NA,NA,NA,NA,NA,NA,NA,NA,NA,NA,NA,NA,NA,NA,NA,NA,NA,NA,NA,NA,NA,NA,NA,NA,NA,NA,NA,NA,0.00277773082189563,3820,11
2021-12-04,NA,NA,NA,NA,NA,NA,NA,NA,NA,NA,NA,NA,NA,NA,NA,NA,NA,NA,NA,NA,NA,NA,NA,NA,NA,NA,NA,NA,NA,NA,NA,NA,NA,NA,NA,NA,NA,NA,NA,NA,NA,NA,NA,NA,NA,0.00359167132828846,3261,12
2021-12-05,NA,NA,NA,NA,NA,NA,NA,NA,NA,NA,NA,NA,NA,NA,NA,NA,NA,NA,NA,NA,NA,NA,NA,NA,NA,NA,NA,NA,NA,NA,NA,NA,NA,NA,NA,NA,NA,NA,NA,NA,NA,NA,NA,NA,NA,0.00258886459499928,2829,7
2021-12-06,NA,NA,NA,NA,NA,NA,NA,NA,NA,NA,NA,NA,NA,NA,NA,NA,NA,NA,NA,NA,NA,NA,NA,NA,NA,NA,NA,NA,NA,NA,NA,NA,NA,NA,NA,NA,NA,NA,NA,NA,NA,NA,NA,NA,NA,0.0061935600156634,2847,18
2021-12-07,NA,NA,NA,NA,NA,NA,NA,NA,NA,NA,NA,NA,NA,NA,NA,NA,NA,NA,NA,NA,NA,NA,NA,NA,NA,NA,NA,NA,NA,NA,NA,NA,NA,NA,NA,NA,NA,NA,NA,NA,NA,NA,NA,NA,NA,0.00618466977137124,3947,24
2021-12-08,NA,NA,NA,NA,NA,NA,NA,NA,NA,NA,NA,NA,NA,NA,NA,NA,NA,NA,NA,NA,NA,NA,NA,NA,NA,NA,NA,NA,NA,NA,NA,NA,NA,NA,NA,NA,NA,NA,NA,NA,NA,NA,NA,NA,NA,0.0162574438109721,3441,56
2021-12-09,2021,49,"44536","44542",44,0,0,0,0,1,1543,34,0,0,0,0,0,1578,1,13,0,0,0,0,0,190,250,0,0,0,0,0,440,2021-12-06,2021-12-12,0,0,0,1543,34,34,0,0,1578,0,0.00980624444526029,3705,36
2021-12-10,NA,NA,NA,NA,NA,NA,NA,NA,NA,NA,NA,NA,NA,NA,NA,NA,NA,NA,NA,NA,NA,NA,NA,NA,NA,NA,NA,NA,NA,NA,NA,NA,NA,NA,NA,NA,NA,NA,NA,NA,NA,NA,NA,NA,NA,0.0153534607021092,3073,47
2021-12-11,NA,NA,NA,NA,NA,NA,NA,NA,NA,NA,NA,NA,NA,NA,NA,NA,NA,NA,NA,NA,NA,NA,NA,NA,NA,NA,NA,NA,NA,NA,NA,NA,NA,NA,NA,NA,NA,NA,NA,NA,NA,NA,NA,NA,NA,0.0119989569988718,2664,32
2021-12-12,NA,NA,NA,NA,NA,NA,NA,NA,NA,NA,NA,NA,NA,NA,NA,NA,NA,NA,NA,NA,NA,NA,NA,NA,NA,NA,NA,NA,NA,NA,NA,NA,NA,NA,NA,NA,NA,NA,NA,NA,NA,NA,NA,NA,NA,0.0247461246413406,1731,43
2021-12-13,NA,NA,NA,NA,NA,NA,NA,NA,NA,NA,NA,NA,NA,NA,NA,NA,NA,NA,NA,NA,NA,NA,NA,NA,NA,NA,NA,NA,NA,NA,NA,NA,NA,NA,NA,NA,NA,NA,NA,NA,NA,NA,NA,NA,NA,0.0322683023391567,2030,66
2021-12-14,NA,NA,NA,NA,NA,NA,NA,NA,NA,NA,NA,NA,NA,NA,NA,NA,NA,NA,NA,NA,NA,NA,NA,NA,NA,NA,NA,NA,NA,NA,NA,NA,NA,NA,NA,NA,NA,NA,NA,NA,NA,NA,NA,NA,NA,0.034359384994747,2770,95
2021-12-15,NA,NA,NA,NA,NA,NA,NA,NA,NA,NA,NA,NA,NA,NA,NA,NA,NA,NA,NA,NA,NA,NA,NA,NA,NA,NA,NA,NA,NA,NA,NA,NA,NA,NA,NA,NA,NA,NA,NA,NA,NA,NA,NA,NA,NA,0.0647314065987815,2463,159
2021-12-16,2021,50,"44543","44549",28,1,0,0,0,0,1463,264,0,0,0,0,0,1728,0.999421296296296,39,4,0,0,0,0,238,593,0,0,0,0,0,835,2021-12-13,2021-12-19,0,0,0,1463,264,264,0,0,1728,0,0.0804921865916944,1949,157
2021-12-17,NA,NA,NA,NA,NA,NA,NA,NA,NA,NA,NA,NA,NA,NA,NA,NA,NA,NA,NA,NA,NA,NA,NA,NA,NA,NA,NA,NA,NA,NA,NA,NA,NA,NA,NA,NA,NA,NA,NA,NA,NA,NA,NA,NA,NA,0.105054097108337,1873,197
2021-12-18,NA,NA,NA,NA,NA,NA,NA,NA,NA,NA,NA,NA,NA,NA,NA,NA,NA,NA,NA,NA,NA,NA,NA,NA,NA,NA,NA,NA,NA,NA,NA,NA,NA,NA,NA,NA,NA,NA,NA,NA,NA,NA,NA,NA,NA,0.125156121096103,1575,197
2021-12-19,NA,NA,NA,NA,NA,NA,NA,NA,NA,NA,NA,NA,NA,NA,NA,NA,NA,NA,NA,NA,NA,NA,NA,NA,NA,NA,NA,NA,NA,NA,NA,NA,NA,NA,NA,NA,NA,NA,NA,NA,NA,NA,NA,NA,NA,0.173750345795368,1416,246
2021-12-20,NA,NA,NA,NA,NA,NA,NA,NA,NA,NA,NA,NA,NA,NA,NA,NA,NA,NA,NA,NA,NA,NA,NA,NA,NA,NA,NA,NA,NA,NA,NA,NA,NA,NA,NA,NA,NA,NA,NA,NA,NA,NA,NA,NA,NA,0.225755128673494,1386,313
2021-12-21,NA,NA,NA,NA,NA,NA,NA,NA,NA,NA,NA,NA,NA,NA,NA,NA,NA,NA,NA,NA,NA,NA,NA,NA,NA,NA,NA,NA,NA,NA,NA,NA,NA,NA,NA,NA,NA,NA,NA,NA,NA,NA,NA,NA,NA,0.282537895445243,1897,536
2021-12-22,NA,NA,NA,NA,NA,NA,NA,NA,NA,NA,NA,NA,NA,NA,NA,NA,NA,NA,NA,NA,NA,NA,NA,NA,NA,NA,NA,NA,NA,NA,NA,NA,NA,NA,NA,NA,NA,NA,NA,NA,NA,NA,NA,NA,NA,0.343314493079201,1809,621
2021-12-23,2021,51,"44550","44556",21,3,0,0,0,0,797,441,0,0,0,0,0,1241,0.997582594681708,34,2,0,0,0,0,120,427,0,0,0,0,0,549,2021-12-20,2021-12-26,0,0,0,797,441,441,0,0,1241,0,0.428246930167233,1863,798
2021-12-24,NA,NA,NA,NA,NA,NA,NA,NA,NA,NA,NA,NA,NA,NA,NA,NA,NA,NA,NA,NA,NA,NA,NA,NA,NA,NA,NA,NA,NA,NA,NA,NA,NA,NA,NA,NA,NA,NA,NA,NA,NA,NA,NA,NA,NA,0.482027028189834,1803,869
2021-12-25,NA,NA,NA,NA,NA,NA,NA,NA,NA,NA,NA,NA,NA,NA,NA,NA,NA,NA,NA,NA,NA,NA,NA,NA,NA,NA,NA,NA,NA,NA,NA,NA,NA,NA,NA,NA,NA,NA,NA,NA,NA,NA,NA,NA,NA,0.583007246518942,1081,630
2021-12-26,NA,NA,NA,NA,NA,NA,NA,NA,NA,NA,NA,NA,NA,NA,NA,NA,NA,NA,NA,NA,NA,NA,NA,NA,NA,NA,NA,NA,NA,NA,NA,NA,NA,NA,NA,NA,NA,NA,NA,NA,NA,NA,NA,NA,NA,0.611808924625502,1298,794
2021-12-27,NA,NA,NA,NA,NA,NA,NA,NA,NA,NA,NA,NA,NA,NA,NA,NA,NA,NA,NA,NA,NA,NA,NA,NA,NA,NA,NA,NA,NA,NA,NA,NA,NA,NA,NA,NA,NA,NA,NA,NA,NA,NA,NA,NA,NA,0.65429987012265,2529,1655
2021-12-28,NA,NA,NA,NA,NA,NA,NA,NA,NA,NA,NA,NA,NA,NA,NA,NA,NA,NA,NA,NA,NA,NA,NA,NA,NA,NA,NA,NA,NA,NA,NA,NA,NA,NA,NA,NA,NA,NA,NA,NA,NA,NA,NA,NA,NA,0.72435851939326,2977,2156
2021-12-29,NA,NA,NA,NA,NA,NA,NA,NA,NA,NA,NA,NA,NA,NA,NA,NA,NA,NA,NA,NA,NA,NA,NA,NA,NA,NA,NA,NA,NA,NA,NA,NA,NA,NA,NA,NA,NA,NA,NA,NA,NA,NA,NA,NA,NA,0.785305855732314,3427,2691
2021-12-30,2021,52,"44557","44563",23,1,1,0,0,0,423,1076,0,0,0,0,0,1501,0.999333777481679,24,0,0,0,0,0,65,468,0,0,0,0,0,533,2021-12-27,2022-01-02,1,0,0,423,1076,1076,0,0,1501,1,0.813054083606845,3898,3169
2021-12-31,NA,NA,NA,NA,NA,NA,NA,NA,NA,NA,NA,NA,NA,NA,NA,NA,NA,NA,NA,NA,NA,NA,NA,NA,NA,NA,NA,NA,NA,NA,NA,NA,NA,NA,NA,NA,NA,NA,NA,NA,NA,NA,NA,NA,NA,0.80254949302543,3234,2595
2022-01-01,NA,NA,NA,NA,NA,NA,NA,NA,NA,NA,NA,NA,NA,NA,NA,NA,NA,NA,NA,NA,NA,NA,NA,NA,NA,NA,NA,NA,NA,NA,NA,NA,NA,NA,NA,NA,NA,NA,NA,NA,NA,NA,NA,NA,NA,0.826648897518472,2444,2020
2022-01-02,NA,NA,NA,NA,NA,NA,NA,NA,NA,NA,NA,NA,NA,NA,NA,NA,NA,NA,NA,NA,NA,NA,NA,NA,NA,NA,NA,NA,NA,NA,NA,NA,NA,NA,NA,NA,NA,NA,NA,NA,NA,NA,NA,NA,NA,0.872231889047555,2312,2017
2022-01-03,NA,NA,NA,NA,NA,NA,NA,NA,NA,NA,NA,NA,NA,NA,NA,NA,NA,NA,NA,NA,NA,NA,NA,NA,NA,NA,NA,NA,NA,NA,NA,NA,NA,NA,NA,NA,NA,NA,NA,NA,NA,NA,NA,NA,NA,0.89451987714479,4840,4329
2022-01-06,2022,1,"44564","44570",30,2,0,0,0,0,195,1810,8,0,0,0,0,2015,0.999007444168734,43,0,0,0,0,0,46,771,12,0,0,0,0,829,2022-01-03,2022-01-09,0,0,0,195,1818,1810,8,0,2015,0,NA,NA,NA
2022-01-13,2022,2,"44571","44577",41,1,0,0,0,0,83,2330,47,1,0,0,0,2462,0.999593826157595,37,0,0,0,0,0,13,564,61,0,0,0,0,638,2022-01-10,2022-01-16,0,0,0,83,2377,2330,47,0,2462,0,NA,NA,NA
2022-01-20,2022,3,"44578","44584",68,1,0,0,0,0,31,3301,139,2,0,0,0,3474,0.999712147380541,36,0,0,0,0,0,7,522,48,0,0,0,0,577,2022-01-17,2022-01-23,0,0,0,31,3440,3301,139,0,3474,0,NA,NA,NA
2022-01-27,2022,4,"44585","44591",46,0,0,0,0,0,24,2054,313,4,0,0,0,2395,1,49,0,0,0,0,0,5,379,359,2,0,0,0,745,2022-01-24,2022-01-30,0,0,0,24,2367,2054,313,0,2395,0,NA,NA,NA
2022-02-03,2022,5,"44592","44598",52,1,0,0,0,0,7,2033,226,2,0,0,0,2269,0.999559277214632,35,0,0,0,0,0,6,350,546,4,0,0,0,906,2022-01-31,2022-02-06,0,0,0,7,2259,2033,226,0,2269,0,NA,NA,NA
2022-02-10,2022,6,"44599","44605",13,5,0,0,0,0,1,1417,354,2,0,0,0,1779,0.997189432265318,33,0,0,0,0,0,1,348,622,4,0,0,1,976,2022-02-07,2022-02-13,0,0,0,1,1771,1417,354,0,1779,0,NA,NA,NA
2022-02-17,2022,7,"44606","44612",63,0,0,0,0,0,0,1705,664,5,0,0,0,2374,1,32,0,0,0,0,0,0,275,815,12,0,0,1,1103,2022-02-14,2022-02-20,0,0,0,0,2369,1705,664,0,2374,0,NA,NA,NA
2022-02-24,2022,8,"44613","44619",36,2,0,0,0,0,0,1252,631,2,0,0,1,1888,0.998940677966102,23,0,0,0,0,0,1,145,808,8,0,0,2,964,2022-02-21,2022-02-27,0,0,0,0,1883,1252,631,0,1888,0,NA,NA,NA
2022-03-03,2022,9,"44620","44626",35,0,0,0,0,0,1,903,1111,13,0,0,4,2032,1,4,0,0,0,0,0,0,102,113,2,0,0,0,217,2022-02-28,2022-03-06,0,0,0,1,2014,903,1111,0,2032,0,NA,NA,NA
2022-03-10,2022,10,"44627","44633",47,0,0,0,0,0,0,604,1693,2,0,0,2,2301,1,1,0,0,0,0,0,1,69,150,1,0,0,0,221,2022-03-07,2022-03-13,0,0,0,0,2297,604,1693,0,2301,0,NA,NA,NA
2022-03-17,2022,11,"44634","44640",41,0,0,0,0,0,1,253,2025,1,0,0,8,2288,1,5,0,0,0,0,0,0,54,204,0,0,0,0,258,2022-03-14,2022-03-20,0,0,0,1,2278,253,2025,0,2288,0,NA,NA,NA
2022-03-24,2022,12,"44641","44647",32,0,0,0,0,0,0,140,1896,0,0,0,8,2044,1,4,0,0,0,0,0,0,28,260,2,0,0,0,290,2022-03-21,2022-03-27,0,0,0,0,2036,140,1896,0,2044,0,NA,NA,NA
2022-03-31,2022,13,"44648","44654",16,1,0,0,0,0,0,109,1552,0,0,0,12,1674,0.999402628434886,2,0,0,0,0,0,0,10,221,0,0,0,0,231,2022-03-28,2022-04-03,0,0,0,0,1661,109,1552,0,1674,0,NA,NA,NA
2022-04-07,2022,14,"44655","44661",10,0,0,0,0,0,0,60,1444,0,3,0,12,1519,1,8,0,0,0,0,0,0,13,264,0,0,0,2,279,2022-04-04,2022-04-10,0,0,0,0,1504,60,1444,3,1519,0,NA,NA,NA
2022-04-14,2022,15,"44662","44668",9,0,0,0,0,0,0,20,1326,0,2,0,6,1354,1,5,0,0,0,0,0,0,22,293,0,0,0,2,317,2022-04-11,2022-04-17,0,0,0,0,1346,20,1326,2,1354,0,NA,NA,NA
2022-04-21,2022,16,"44669","44675",11,0,0,0,0,0,0,15,1192,0,1,0,6,1214,1,1,0,0,0,0,0,0,4,129,1,2,0,0,136,2022-04-18,2022-04-24,0,0,0,0,1207,15,1192,1,1214,0,NA,NA,NA
2022-04-28,2022,17,"44676","44682",11,0,0,0,0,0,0,12,1202,0,10,5,7,1236,1,2,0,0,0,0,0,0,5,102,0,8,2,0,117,2022-04-25,2022-05-01,0,0,0,0,1214,12,1202,15,1236,0,NA,NA,NA
2022-05-05,2022,18,"2-mei","8-mei",4,0,0,0,0,0,0,6,1512,0,15,7,9,1549,1,0,0,0,0,0,0,0,4,84,0,23,1,0,112,2022-05-02,2022-05-08,0,0,0,0,1518,6,1512,22,1549,0,NA,NA,NA
2022-05-12,2022,19,"9-mei","15-mei",3,0,0,0,0,0,0,4,873,0,13,20,5,915,1,1,0,0,0,0,0,0,2,51,0,12,6,0,71,2022-05-09,2022-05-15,0,0,0,0,877,4,873,33,915,0,NA,NA,NA
2022-05-19,2022,20,"16-mei","22-mei",5,0,0,0,0,0,0,2,708,0,22,34,3,769,1,1,0,0,0,0,0,0,1,17,0,11,10,0,39,2022-05-16,2022-05-22,0,0,0,0,710,2,708,56,769,0,NA,NA,NA
2022-05-26,2022,21,"23-mei","29-mei",3,0,0,0,0,0,0,1,452,0,27,74,3,557,1,NA,0,0,0,0,0,0,0,5,0,7,16,0,28,2022-05-23,2022-05-29,0,0,0,0,453,1,452,101,557,0,NA,NA,NA
2022-06-02,2022,22,"30-mei","5-jun.",5,0,0,0,0,0,1,1,540,0,46,207,2,797,1,0,0,0,0,0,0,0,1,10,0,8,25,0,44,2022-05-30,2022-06-05,0,0,0,1,541,1,540,253,797,0,NA,NA,NA
2022-06-09,2022,23,"6-jun.","12-jun.",7,0,0,0,0,0,0,1,438,0,73,418,0,930,1,2,0,0,0,0,0,0,0,5,0,13,76,0,94,2022-06-06,2022-06-12,0,0,0,0,439,1,438,491,930,0,NA,NA,NA
2022-06-16,2022,24,"13-jun.","19-jun.",0,0,0,0,0,0,0,1,329,0,64,574,2,970,1,4,0,0,0,0,0,0,0,4,0,13,82,1,100,2022-06-13,2022-06-19,0,0,0,0,330,1,329,638,970,0,NA,NA,NA
2022-06-23,2022,25,"20-jun.","26-jun.",8,0,0,0,0,0,0,2,253,0,90,828,0,1173,1,0,0,0,0,0,0,0,0,9,0,18,184,0,211,2022-06-20,2022-06-26,0,0,0,0,255,2,253,918,1173,0,NA,NA,NA
2022-06-30,2022,26,"27-jun.","3-jul.",13,0,0,0,0,0,0,1,172,0,124,1301,0,1598,1,3,0,0,0,0,0,0,0,14,0,7,95,0,116,2022-06-27,2022-07-03,0,0,0,0,173,1,172,1425,1598,0,NA,NA,NA
2022-07-07,2022,27,"4-jul.","10-jul.",35,0,0,0,0,0,0,0,89,0,85,1365,1,1540,1,0,0,0,0,0,0,0,0,22,0,0,34,1,57,2022-07-04,2022-07-10,0,0,0,0,89,0,89,1450,1540,0,NA,NA,NA
2022-07-14,2022,28,"11-jul.","17-jul.",9,0,0,0,0,0,0,2,45,0,80,1143,0,1270,1,1,0,0,0,0,0,0,0,9,0,2,35,0,46,2022-07-11,2022-07-17,0,0,0,0,47,2,45,1223,1270,0,NA,NA,NA
2022-07-21,2022,29,"18-jul.","24-jul.",21,0,0,0,0,0,0,0,21,0,55,1166,0,1242,1,1,0,0,0,0,0,0,0,6,0,0,22,0,28,2022-07-18,2022-07-24,0,0,0,0,21,0,21,1221,1242,0,NA,NA,NA
2022-07-28,2022,30,"25-jul.","31-jul.",6,0,0,0,0,0,0,1,17,0,49,912,0,979,1,0,0,0,0,0,0,0,0,3,0,0,10,0,13,2022-07-25,2022-07-31,0,0,0,0,18,1,17,961,979,0,NA,NA,NA
2022-08-04,2022,31,"1-aug.","7-aug.",2,0,0,0,0,0,0,0,11,0,44,917,0,972,1,0,0,0,0,0,0,0,0,0,0,1,12,0,13,2022-08-01,2022-08-07,0,0,0,0,11,0,11,961,972,0,NA,NA,NA
2022-08-11,2022,32,"8-aug.","14-aug.",8,0,0,0,0,0,0,2,5,0,34,760,0,801,1,0,0,0,0,0,0,0,0,2,0,0,6,0,8,2022-08-08,2022-08-14,0,0,0,0,7,2,5,794,801,0,NA,NA,NA
2022-08-18,2022,33,"15-aug.","21-aug.",17,0,0,0,0,0,0,1,2,0,38,781,0,839,1,0,0,0,0,0,0,0,0,0,0,0,16,0,16,2022-08-15,2022-08-21,0,0,0,0,3,1,2,819,839,0,NA,NA,NA
2022-08-25,2022,34,"22-aug.","28-aug.",11,0,0,0,0,0,0,0,1,0,22,707,1,731,1,0,0,0,0,0,0,0,0,0,0,0,14,0,14,2022-08-22,2022-08-28,0,0,0,0,1,0,1,729,731,0,NA,NA,NA
